ID,Traffico,Caricatori,Centroide,Colore
0,0,0,"[382500, 393500]",lightcyan
1,0,0,"[382500.0, 393723]",lightcyan
2,0,0,"[382500.0, 393946]",lightcyan
3,0,0,"[382500.0, 394169]",lightcyan
4,0,0,"[382500.0, 394392]",lightcyan
5,0,0,"[382500.0, 394615]",lightcyan
6,0,0,"[382500.0, 394838]",lightcyan
7,104,0,"[382500.0, 395061]",lightskyblue
8,0,0,"[382500.0, 395284]",lightcyan
9,0,0,"[382500.0, 395507]",lightcyan
10,0,0,"[382500.0, 395730]",lightcyan
11,0,0,"[382500.0, 395953]",lightcyan
12,0,0,"[382500.0, 396176]",lightcyan
13,0,0,"[382500.0, 396399]",lightcyan
14,0,0,"[382500.0, 396622]",lightcyan
15,0,0,"[382500.0, 396845]",lightcyan
16,26668,0,"[382500.0, 397068]",deepskyblue
17,0,0,"[382500.0, 397291]",lightcyan
18,0,0,"[382500.0, 397514]",lightcyan
19,31411,0,"[382500.0, 397737]",deepskyblue
20,0,0,"[382500.0, 397960]",lightcyan
21,0,0,"[382500.0, 398183]",lightcyan
22,0,0,"[382500.0, 398406]",lightcyan
23,0,0,"[382500.0, 398629]",lightcyan
24,0,0,"[382500.0, 398852]",lightcyan
25,0,0,"[382500.0, 399075]",lightcyan
26,0,0,"[382500.0, 399298]",lightcyan
27,0,0,"[382500.0, 399521]",lightcyan
28,0,0,"[382500.0, 399744]",lightcyan
29,0,0,"[382500.0, 399967]",lightcyan
30,0,0,"[382500.0, 400190]",lightcyan
31,0,0,"[382500.0, 400413]",lightcyan
32,0,0,"[382500.0, 400636]",lightcyan
33,0,0,"[382500.0, 400859]",lightcyan
34,0,0,"[382759, 393500]",lightcyan
35,0,0,"[382759.0, 393723]",lightcyan
36,0,0,"[382759.0, 393946]",lightcyan
37,0,0,"[382759.0, 394169]",lightcyan
38,0,0,"[382759.0, 394392]",lightcyan
39,0,0,"[382759.0, 394615]",lightcyan
40,0,0,"[382759.0, 394838]",lightcyan
41,0,0,"[382759.0, 395061]",lightcyan
42,0,0,"[382759.0, 395284]",lightcyan
43,0,0,"[382759.0, 395507]",lightcyan
44,0,0,"[382759.0, 395730]",lightcyan
45,0,0,"[382759.0, 395953]",lightcyan
46,0,0,"[382759.0, 396176]",lightcyan
47,13039,0,"[382759.0, 396399]",lightskyblue
48,3864,0,"[382759.0, 396622]",lightskyblue
49,2947,0,"[382759.0, 396845]",lightskyblue
50,0,0,"[382759.0, 397068]",lightcyan
51,49467,0,"[382759.0, 397291]",royalblue
52,49467,0,"[382759.0, 397514]",royalblue
53,26184,0,"[382759.0, 397737]",deepskyblue
54,0,0,"[382759.0, 397960]",lightcyan
55,0,0,"[382759.0, 398183]",lightcyan
56,0,0,"[382759.0, 398406]",lightcyan
57,0,3,"[382759.0, 398629]",lightcyan
58,0,0,"[382759.0, 398852]",lightcyan
59,0,0,"[382759.0, 399075]",lightcyan
60,0,0,"[382759.0, 399298]",lightcyan
61,0,0,"[382759.0, 399521]",lightcyan
62,0,0,"[382759.0, 399744]",lightcyan
63,0,0,"[382759.0, 399967]",lightcyan
64,0,0,"[382759.0, 400190]",lightcyan
65,0,0,"[382759.0, 400413]",lightcyan
66,0,0,"[382759.0, 400636]",lightcyan
67,0,1,"[382759.0, 400859]",lightcyan
68,0,0,"[383018, 393500]",lightcyan
69,0,0,"[383018.0, 393723]",lightcyan
70,0,0,"[383018.0, 393946]",lightcyan
71,0,0,"[383018.0, 394169]",lightcyan
72,0,0,"[383018.0, 394392]",lightcyan
73,0,0,"[383018.0, 394615]",lightcyan
74,0,0,"[383018.0, 394838]",lightcyan
75,0,0,"[383018.0, 395061]",lightcyan
76,0,0,"[383018.0, 395284]",lightcyan
77,0,0,"[383018.0, 395507]",lightcyan
78,0,0,"[383018.0, 395730]",lightcyan
79,0,0,"[383018.0, 395953]",lightcyan
80,0,0,"[383018.0, 396176]",lightcyan
81,0,0,"[383018.0, 396399]",lightcyan
82,21149,0,"[383018.0, 396622]",deepskyblue
83,0,0,"[383018.0, 396845]",lightcyan
84,0,0,"[383018.0, 397068]",lightcyan
85,0,0,"[383018.0, 397291]",lightcyan
86,0,0,"[383018.0, 397514]",lightcyan
87,0,0,"[383018.0, 397737]",lightcyan
88,4497,0,"[383018.0, 397960]",lightskyblue
89,11097,0,"[383018.0, 398183]",lightskyblue
90,0,0,"[383018.0, 398406]",lightcyan
91,0,1,"[383018.0, 398629]",lightcyan
92,0,0,"[383018.0, 398852]",lightcyan
93,0,0,"[383018.0, 399075]",lightcyan
94,0,0,"[383018.0, 399298]",lightcyan
95,0,0,"[383018.0, 399521]",lightcyan
96,0,0,"[383018.0, 399744]",lightcyan
97,0,0,"[383018.0, 399967]",lightcyan
98,0,0,"[383018.0, 400190]",lightcyan
99,0,0,"[383018.0, 400413]",lightcyan
100,0,0,"[383018.0, 400636]",lightcyan
101,0,0,"[383018.0, 400859]",lightcyan
102,0,0,"[383277, 393500]",lightcyan
103,0,2,"[383277.0, 393723]",lightcyan
104,0,0,"[383277.0, 393946]",lightcyan
105,419,0,"[383277.0, 394169]",lightskyblue
106,0,0,"[383277.0, 394392]",lightcyan
107,0,0,"[383277.0, 394615]",lightcyan
108,0,0,"[383277.0, 394838]",lightcyan
109,0,0,"[383277.0, 395061]",lightcyan
110,0,0,"[383277.0, 395284]",lightcyan
111,0,0,"[383277.0, 395507]",lightcyan
112,0,0,"[383277.0, 395730]",lightcyan
113,0,0,"[383277.0, 395953]",lightcyan
114,0,0,"[383277.0, 396176]",lightcyan
115,0,0,"[383277.0, 396399]",lightcyan
116,9214,0,"[383277.0, 396622]",lightskyblue
117,0,0,"[383277.0, 396845]",lightcyan
118,58768,0,"[383277.0, 397068]",darkblue
119,0,0,"[383277.0, 397291]",lightcyan
120,13469,0,"[383277.0, 397514]",lightskyblue
121,9076,0,"[383277.0, 397737]",lightskyblue
122,0,0,"[383277.0, 397960]",lightcyan
123,0,0,"[383277.0, 398183]",lightcyan
124,4911,4,"[383277.0, 398406]",lightskyblue
125,0,2,"[383277.0, 398629]",lightcyan
126,0,1,"[383277.0, 398852]",lightcyan
127,0,1,"[383277.0, 399075]",lightcyan
128,0,0,"[383277.0, 399298]",lightcyan
129,0,0,"[383277.0, 399521]",lightcyan
130,0,0,"[383277.0, 399744]",lightcyan
131,12647,0,"[383277.0, 399967]",lightskyblue
132,0,0,"[383277.0, 400190]",lightcyan
133,0,0,"[383277.0, 400413]",lightcyan
134,0,0,"[383277.0, 400636]",lightcyan
135,0,0,"[383277.0, 400859]",lightcyan
136,0,0,"[383536, 393500]",lightcyan
137,0,0,"[383536.0, 393723]",lightcyan
138,0,0,"[383536.0, 393946]",lightcyan
139,0,0,"[383536.0, 394169]",lightcyan
140,0,0,"[383536.0, 394392]",lightcyan
141,0,0,"[383536.0, 394615]",lightcyan
142,0,0,"[383536.0, 394838]",lightcyan
143,0,0,"[383536.0, 395061]",lightcyan
144,0,0,"[383536.0, 395284]",lightcyan
145,0,0,"[383536.0, 395507]",lightcyan
146,0,0,"[383536.0, 395730]",lightcyan
147,0,0,"[383536.0, 395953]",lightcyan
148,346,0,"[383536.0, 396176]",lightskyblue
149,0,2,"[383536.0, 396399]",lightcyan
150,0,0,"[383536.0, 396622]",lightcyan
151,35142,16,"[383536.0, 396845]",deepskyblue
152,0,0,"[383536.0, 397068]",lightcyan
153,0,0,"[383536.0, 397291]",lightcyan
154,14207,0,"[383536.0, 397514]",lightskyblue
155,0,12,"[383536.0, 397737]",lightcyan
156,0,3,"[383536.0, 397960]",lightcyan
157,14951,0,"[383536.0, 398183]",deepskyblue
158,0,0,"[383536.0, 398406]",lightcyan
159,16870,2,"[383536.0, 398629]",deepskyblue
160,0,0,"[383536.0, 398852]",lightcyan
161,24850,0,"[383536.0, 399075]",deepskyblue
162,0,0,"[383536.0, 399298]",lightcyan
163,0,0,"[383536.0, 399521]",lightcyan
164,0,0,"[383536.0, 399744]",lightcyan
165,0,0,"[383536.0, 399967]",lightcyan
166,0,0,"[383536.0, 400190]",lightcyan
167,0,0,"[383536.0, 400413]",lightcyan
168,0,0,"[383536.0, 400636]",lightcyan
169,0,0,"[383536.0, 400859]",lightcyan
170,0,0,"[383795, 393500]",lightcyan
171,0,0,"[383795.0, 393723]",lightcyan
172,0,0,"[383795.0, 393946]",lightcyan
173,0,0,"[383795.0, 394169]",lightcyan
174,0,0,"[383795.0, 394392]",lightcyan
175,0,0,"[383795.0, 394615]",lightcyan
176,0,0,"[383795.0, 394838]",lightcyan
177,34342,0,"[383795.0, 395061]",deepskyblue
178,0,0,"[383795.0, 395284]",lightcyan
179,0,0,"[383795.0, 395507]",lightcyan
180,0,0,"[383795.0, 395730]",lightcyan
181,0,0,"[383795.0, 395953]",lightcyan
182,0,0,"[383795.0, 396176]",lightcyan
183,0,0,"[383795.0, 396399]",lightcyan
184,0,0,"[383795.0, 396622]",lightcyan
185,5777,0,"[383795.0, 396845]",lightskyblue
186,69977,0,"[383795.0, 397068]",darkblue
187,0,3,"[383795.0, 397291]",lightcyan
188,0,1,"[383795.0, 397514]",lightcyan
189,7038,0,"[383795.0, 397737]",lightskyblue
190,15930,0,"[383795.0, 397960]",deepskyblue
191,3681,0,"[383795.0, 398183]",lightskyblue
192,5168,0,"[383795.0, 398406]",lightskyblue
193,0,0,"[383795.0, 398629]",lightcyan
194,0,0,"[383795.0, 398852]",lightcyan
195,15324,0,"[383795.0, 399075]",deepskyblue
196,0,0,"[383795.0, 399298]",lightcyan
197,0,0,"[383795.0, 399521]",lightcyan
198,0,0,"[383795.0, 399744]",lightcyan
199,0,0,"[383795.0, 399967]",lightcyan
200,0,0,"[383795.0, 400190]",lightcyan
201,12586,0,"[383795.0, 400413]",lightskyblue
202,0,0,"[383795.0, 400636]",lightcyan
203,0,0,"[383795.0, 400859]",lightcyan
204,0,0,"[384054, 393500]",lightcyan
205,0,0,"[384054.0, 393723]",lightcyan
206,0,0,"[384054.0, 393946]",lightcyan
207,0,0,"[384054.0, 394169]",lightcyan
208,0,0,"[384054.0, 394392]",lightcyan
209,0,0,"[384054.0, 394615]",lightcyan
210,0,0,"[384054.0, 394838]",lightcyan
211,0,0,"[384054.0, 395061]",lightcyan
212,0,0,"[384054.0, 395284]",lightcyan
213,0,0,"[384054.0, 395507]",lightcyan
214,0,0,"[384054.0, 395730]",lightcyan
215,0,0,"[384054.0, 395953]",lightcyan
216,0,0,"[384054.0, 396176]",lightcyan
217,0,0,"[384054.0, 396399]",lightcyan
218,0,0,"[384054.0, 396622]",lightcyan
219,0,2,"[384054.0, 396845]",lightcyan
220,0,3,"[384054.0, 397068]",lightcyan
221,77528,4,"[384054.0, 397291]",darkblue
222,0,0,"[384054.0, 397514]",lightcyan
223,8679,1,"[384054.0, 397737]",lightskyblue
224,6622,0,"[384054.0, 397960]",lightskyblue
225,0,0,"[384054.0, 398183]",lightcyan
226,0,0,"[384054.0, 398406]",lightcyan
227,0,0,"[384054.0, 398629]",lightcyan
228,2862,0,"[384054.0, 398852]",lightskyblue
229,24960,0,"[384054.0, 399075]",deepskyblue
230,26983,0,"[384054.0, 399298]",deepskyblue
231,0,0,"[384054.0, 399521]",lightcyan
232,0,0,"[384054.0, 399744]",lightcyan
233,15930,0,"[384054.0, 399967]",deepskyblue
234,0,0,"[384054.0, 400190]",lightcyan
235,0,0,"[384054.0, 400413]",lightcyan
236,0,0,"[384054.0, 400636]",lightcyan
237,2185,0,"[384054.0, 400859]",lightskyblue
238,0,0,"[384313, 393500]",lightcyan
239,8479,0,"[384313.0, 393723]",lightskyblue
240,0,0,"[384313.0, 393946]",lightcyan
241,0,0,"[384313.0, 394169]",lightcyan
242,0,0,"[384313.0, 394392]",lightcyan
243,0,0,"[384313.0, 394615]",lightcyan
244,0,0,"[384313.0, 394838]",lightcyan
245,0,0,"[384313.0, 395061]",lightcyan
246,6559,0,"[384313.0, 395284]",lightskyblue
247,407,0,"[384313.0, 395507]",lightskyblue
248,0,0,"[384313.0, 395730]",lightcyan
249,0,0,"[384313.0, 395953]",lightcyan
250,0,0,"[384313.0, 396176]",lightcyan
251,0,0,"[384313.0, 396399]",lightcyan
252,0,8,"[384313.0, 396622]",lightcyan
253,0,1,"[384313.0, 396845]",lightcyan
254,0,2,"[384313.0, 397068]",lightcyan
255,14658,0,"[384313.0, 397291]",deepskyblue
256,0,0,"[384313.0, 397514]",lightcyan
257,0,0,"[384313.0, 397737]",lightcyan
258,10438,0,"[384313.0, 397960]",lightskyblue
259,7033,9,"[384313.0, 398183]",lightskyblue
260,2554,0,"[384313.0, 398406]",lightskyblue
261,0,9,"[384313.0, 398629]",lightcyan
262,20200,2,"[384313.0, 398852]",deepskyblue
263,0,2,"[384313.0, 399075]",lightcyan
264,0,0,"[384313.0, 399298]",lightcyan
265,4362,0,"[384313.0, 399521]",lightskyblue
266,0,0,"[384313.0, 399744]",lightcyan
267,0,0,"[384313.0, 399967]",lightcyan
268,0,0,"[384313.0, 400190]",lightcyan
269,0,0,"[384313.0, 400413]",lightcyan
270,423,0,"[384313.0, 400636]",lightskyblue
271,0,1,"[384313.0, 400859]",lightcyan
272,0,0,"[384572, 393500]",lightcyan
273,0,0,"[384572.0, 393723]",lightcyan
274,0,0,"[384572.0, 393946]",lightcyan
275,595,0,"[384572.0, 394169]",lightskyblue
276,0,0,"[384572.0, 394392]",lightcyan
277,0,0,"[384572.0, 394615]",lightcyan
278,0,0,"[384572.0, 394838]",lightcyan
279,0,0,"[384572.0, 395061]",lightcyan
280,0,0,"[384572.0, 395284]",lightcyan
281,0,0,"[384572.0, 395507]",lightcyan
282,0,0,"[384572.0, 395730]",lightcyan
283,0,0,"[384572.0, 395953]",lightcyan
284,0,4,"[384572.0, 396176]",lightcyan
285,0,0,"[384572.0, 396399]",lightcyan
286,0,0,"[384572.0, 396622]",lightcyan
287,0,0,"[384572.0, 396845]",lightcyan
288,15938,0,"[384572.0, 397068]",deepskyblue
289,37846,0,"[384572.0, 397291]",deepskyblue
290,0,0,"[384572.0, 397514]",lightcyan
291,10494,0,"[384572.0, 397737]",lightskyblue
292,6522,0,"[384572.0, 397960]",lightskyblue
293,0,0,"[384572.0, 398183]",lightcyan
294,19035,0,"[384572.0, 398406]",deepskyblue
295,97511,0,"[384572.0, 398629]",darkblue
296,34350,0,"[384572.0, 398852]",deepskyblue
297,0,0,"[384572.0, 399075]",lightcyan
298,0,0,"[384572.0, 399298]",lightcyan
299,0,0,"[384572.0, 399521]",lightcyan
300,0,0,"[384572.0, 399744]",lightcyan
301,0,0,"[384572.0, 399967]",lightcyan
302,0,0,"[384572.0, 400190]",lightcyan
303,0,0,"[384572.0, 400413]",lightcyan
304,0,0,"[384572.0, 400636]",lightcyan
305,0,0,"[384572.0, 400859]",lightcyan
306,0,0,"[384831, 393500]",lightcyan
307,0,0,"[384831.0, 393723]",lightcyan
308,0,0,"[384831.0, 393946]",lightcyan
309,11506,0,"[384831.0, 394169]",lightskyblue
310,0,0,"[384831.0, 394392]",lightcyan
311,0,1,"[384831.0, 394615]",lightcyan
312,0,0,"[384831.0, 394838]",lightcyan
313,0,0,"[384831.0, 395061]",lightcyan
314,0,0,"[384831.0, 395284]",lightcyan
315,0,0,"[384831.0, 395507]",lightcyan
316,9258,0,"[384831.0, 395730]",lightskyblue
317,0,0,"[384831.0, 395953]",lightcyan
318,0,1,"[384831.0, 396176]",lightcyan
319,0,1,"[384831.0, 396399]",lightcyan
320,0,0,"[384831.0, 396622]",lightcyan
321,0,0,"[384831.0, 396845]",lightcyan
322,0,0,"[384831.0, 397068]",lightcyan
323,14749,0,"[384831.0, 397291]",deepskyblue
324,0,0,"[384831.0, 397514]",lightcyan
325,0,1,"[384831.0, 397737]",lightcyan
326,0,0,"[384831.0, 397960]",lightcyan
327,0,5,"[384831.0, 398183]",lightcyan
328,0,8,"[384831.0, 398406]",lightcyan
329,0,0,"[384831.0, 398629]",lightcyan
330,0,0,"[384831.0, 398852]",lightcyan
331,0,0,"[384831.0, 399075]",lightcyan
332,0,0,"[384831.0, 399298]",lightcyan
333,0,0,"[384831.0, 399521]",lightcyan
334,0,0,"[384831.0, 399744]",lightcyan
335,3388,0,"[384831.0, 399967]",lightskyblue
336,0,0,"[384831.0, 400190]",lightcyan
337,0,0,"[384831.0, 400413]",lightcyan
338,0,0,"[384831.0, 400636]",lightcyan
339,0,0,"[384831.0, 400859]",lightcyan
340,0,0,"[385090, 393500]",lightcyan
341,0,0,"[385090.0, 393723]",lightcyan
342,0,0,"[385090.0, 393946]",lightcyan
343,0,0,"[385090.0, 394169]",lightcyan
344,0,0,"[385090.0, 394392]",lightcyan
345,0,0,"[385090.0, 394615]",lightcyan
346,0,0,"[385090.0, 394838]",lightcyan
347,9467,0,"[385090.0, 395061]",lightskyblue
348,0,0,"[385090.0, 395284]",lightcyan
349,0,0,"[385090.0, 395507]",lightcyan
350,0,0,"[385090.0, 395730]",lightcyan
351,0,0,"[385090.0, 395953]",lightcyan
352,0,0,"[385090.0, 396176]",lightcyan
353,0,0,"[385090.0, 396399]",lightcyan
354,0,0,"[385090.0, 396622]",lightcyan
355,0,0,"[385090.0, 396845]",lightcyan
356,0,0,"[385090.0, 397068]",lightcyan
357,0,0,"[385090.0, 397291]",lightcyan
358,33084,0,"[385090.0, 397514]",deepskyblue
359,0,0,"[385090.0, 397737]",lightcyan
360,0,0,"[385090.0, 397960]",lightcyan
361,0,1,"[385090.0, 398183]",lightcyan
362,26196,0,"[385090.0, 398406]",deepskyblue
363,0,0,"[385090.0, 398629]",lightcyan
364,15908,0,"[385090.0, 398852]",deepskyblue
365,0,0,"[385090.0, 399075]",lightcyan
366,0,0,"[385090.0, 399298]",lightcyan
367,0,0,"[385090.0, 399521]",lightcyan
368,0,0,"[385090.0, 399744]",lightcyan
369,0,0,"[385090.0, 399967]",lightcyan
370,0,0,"[385090.0, 400190]",lightcyan
371,0,0,"[385090.0, 400413]",lightcyan
372,16354,0,"[385090.0, 400636]",deepskyblue
373,0,0,"[385090.0, 400859]",lightcyan
374,0,0,"[385349, 393500]",lightcyan
375,0,3,"[385349.0, 393723]",lightcyan
376,0,0,"[385349.0, 393946]",lightcyan
377,0,0,"[385349.0, 394169]",lightcyan
378,0,0,"[385349.0, 394392]",lightcyan
379,1805,0,"[385349.0, 394615]",lightskyblue
380,0,0,"[385349.0, 394838]",lightcyan
381,0,0,"[385349.0, 395061]",lightcyan
382,0,0,"[385349.0, 395284]",lightcyan
383,0,0,"[385349.0, 395507]",lightcyan
384,0,2,"[385349.0, 395730]",lightcyan
385,16857,1,"[385349.0, 395953]",deepskyblue
386,0,0,"[385349.0, 396176]",lightcyan
387,381,0,"[385349.0, 396399]",lightskyblue
388,0,0,"[385349.0, 396622]",lightcyan
389,8706,0,"[385349.0, 396845]",lightskyblue
390,0,0,"[385349.0, 397068]",lightcyan
391,0,0,"[385349.0, 397291]",lightcyan
392,33084,0,"[385349.0, 397514]",deepskyblue
393,14206,0,"[385349.0, 397737]",lightskyblue
394,29772,0,"[385349.0, 397960]",deepskyblue
395,0,0,"[385349.0, 398183]",lightcyan
396,0,0,"[385349.0, 398406]",lightcyan
397,0,0,"[385349.0, 398629]",lightcyan
398,0,0,"[385349.0, 398852]",lightcyan
399,0,0,"[385349.0, 399075]",lightcyan
400,0,0,"[385349.0, 399298]",lightcyan
401,468,0,"[385349.0, 399521]",lightskyblue
402,0,0,"[385349.0, 399744]",lightcyan
403,11796,0,"[385349.0, 399967]",lightskyblue
404,0,0,"[385349.0, 400190]",lightcyan
405,0,0,"[385349.0, 400413]",lightcyan
406,0,0,"[385349.0, 400636]",lightcyan
407,0,0,"[385349.0, 400859]",lightcyan
408,0,0,"[385608, 393500]",lightcyan
409,0,0,"[385608.0, 393723]",lightcyan
410,0,0,"[385608.0, 393946]",lightcyan
411,0,0,"[385608.0, 394169]",lightcyan
412,0,0,"[385608.0, 394392]",lightcyan
413,0,0,"[385608.0, 394615]",lightcyan
414,0,0,"[385608.0, 394838]",lightcyan
415,0,0,"[385608.0, 395061]",lightcyan
416,0,0,"[385608.0, 395284]",lightcyan
417,0,0,"[385608.0, 395507]",lightcyan
418,0,0,"[385608.0, 395730]",lightcyan
419,6544,0,"[385608.0, 395953]",lightskyblue
420,0,0,"[385608.0, 396176]",lightcyan
421,0,0,"[385608.0, 396399]",lightcyan
422,0,0,"[385608.0, 396622]",lightcyan
423,11153,0,"[385608.0, 396845]",lightskyblue
424,12916,0,"[385608.0, 397068]",lightskyblue
425,6093,0,"[385608.0, 397291]",lightskyblue
426,0,0,"[385608.0, 397514]",lightcyan
427,28412,0,"[385608.0, 397737]",deepskyblue
428,0,0,"[385608.0, 397960]",lightcyan
429,0,0,"[385608.0, 398183]",lightcyan
430,0,0,"[385608.0, 398406]",lightcyan
431,0,0,"[385608.0, 398629]",lightcyan
432,0,0,"[385608.0, 398852]",lightcyan
433,0,0,"[385608.0, 399075]",lightcyan
434,0,0,"[385608.0, 399298]",lightcyan
435,0,0,"[385608.0, 399521]",lightcyan
436,0,0,"[385608.0, 399744]",lightcyan
437,0,0,"[385608.0, 399967]",lightcyan
438,0,0,"[385608.0, 400190]",lightcyan
439,0,0,"[385608.0, 400413]",lightcyan
440,0,0,"[385608.0, 400636]",lightcyan
441,0,0,"[385608.0, 400859]",lightcyan
442,0,0,"[385867, 393500]",lightcyan
443,0,0,"[385867.0, 393723]",lightcyan
444,0,0,"[385867.0, 393946]",lightcyan
445,0,0,"[385867.0, 394169]",lightcyan
446,0,0,"[385867.0, 394392]",lightcyan
447,0,0,"[385867.0, 394615]",lightcyan
448,443,0,"[385867.0, 394838]",lightskyblue
449,0,0,"[385867.0, 395061]",lightcyan
450,9073,0,"[385867.0, 395284]",lightskyblue
451,0,0,"[385867.0, 395507]",lightcyan
452,0,0,"[385867.0, 395730]",lightcyan
453,0,0,"[385867.0, 395953]",lightcyan
454,0,0,"[385867.0, 396176]",lightcyan
455,13263,3,"[385867.0, 396399]",lightskyblue
456,0,0,"[385867.0, 396622]",lightcyan
457,0,0,"[385867.0, 396845]",lightcyan
458,15091,0,"[385867.0, 397068]",deepskyblue
459,0,0,"[385867.0, 397291]",lightcyan
460,0,0,"[385867.0, 397514]",lightcyan
461,21339,0,"[385867.0, 397737]",deepskyblue
462,0,0,"[385867.0, 397960]",lightcyan
463,0,0,"[385867.0, 398183]",lightcyan
464,0,0,"[385867.0, 398406]",lightcyan
465,0,0,"[385867.0, 398629]",lightcyan
466,0,0,"[385867.0, 398852]",lightcyan
467,0,0,"[385867.0, 399075]",lightcyan
468,0,0,"[385867.0, 399298]",lightcyan
469,0,0,"[385867.0, 399521]",lightcyan
470,0,0,"[385867.0, 399744]",lightcyan
471,0,0,"[385867.0, 399967]",lightcyan
472,14394,0,"[385867.0, 400190]",lightskyblue
473,0,0,"[385867.0, 400413]",lightcyan
474,0,0,"[385867.0, 400636]",lightcyan
475,0,0,"[385867.0, 400859]",lightcyan
476,1079,0,"[386126, 393500]",lightskyblue
477,0,0,"[386126.0, 393723]",lightcyan
478,14235,0,"[386126.0, 393946]",lightskyblue
479,0,0,"[386126.0, 394169]",lightcyan
480,0,0,"[386126.0, 394392]",lightcyan
481,0,0,"[386126.0, 394615]",lightcyan
482,10410,0,"[386126.0, 394838]",lightskyblue
483,0,0,"[386126.0, 395061]",lightcyan
484,0,0,"[386126.0, 395284]",lightcyan
485,0,0,"[386126.0, 395507]",lightcyan
486,0,0,"[386126.0, 395730]",lightcyan
487,8960,0,"[386126.0, 395953]",lightskyblue
488,0,0,"[386126.0, 396176]",lightcyan
489,0,0,"[386126.0, 396399]",lightcyan
490,0,0,"[386126.0, 396622]",lightcyan
491,0,0,"[386126.0, 396845]",lightcyan
492,0,0,"[386126.0, 397068]",lightcyan
493,0,0,"[386126.0, 397291]",lightcyan
494,0,0,"[386126.0, 397514]",lightcyan
495,0,0,"[386126.0, 397737]",lightcyan
496,0,0,"[386126.0, 397960]",lightcyan
497,0,0,"[386126.0, 398183]",lightcyan
498,9865,0,"[386126.0, 398406]",lightskyblue
499,0,0,"[386126.0, 398629]",lightcyan
500,3067,0,"[386126.0, 398852]",lightskyblue
501,0,0,"[386126.0, 399075]",lightcyan
502,0,0,"[386126.0, 399298]",lightcyan
503,0,0,"[386126.0, 399521]",lightcyan
504,0,0,"[386126.0, 399744]",lightcyan
505,20440,0,"[386126.0, 399967]",deepskyblue
506,0,0,"[386126.0, 400190]",lightcyan
507,0,0,"[386126.0, 400413]",lightcyan
508,0,0,"[386126.0, 400636]",lightcyan
509,0,0,"[386126.0, 400859]",lightcyan
510,0,0,"[386385, 393500]",lightcyan
511,0,0,"[386385.0, 393723]",lightcyan
512,0,0,"[386385.0, 393946]",lightcyan
513,0,0,"[386385.0, 394169]",lightcyan
514,0,0,"[386385.0, 394392]",lightcyan
515,0,0,"[386385.0, 394615]",lightcyan
516,0,0,"[386385.0, 394838]",lightcyan
517,0,0,"[386385.0, 395061]",lightcyan
518,0,0,"[386385.0, 395284]",lightcyan
519,11788,0,"[386385.0, 395507]",lightskyblue
520,0,0,"[386385.0, 395730]",lightcyan
521,20220,0,"[386385.0, 395953]",deepskyblue
522,0,0,"[386385.0, 396176]",lightcyan
523,0,0,"[386385.0, 396399]",lightcyan
524,0,0,"[386385.0, 396622]",lightcyan
525,0,0,"[386385.0, 396845]",lightcyan
526,0,0,"[386385.0, 397068]",lightcyan
527,0,0,"[386385.0, 397291]",lightcyan
528,0,0,"[386385.0, 397514]",lightcyan
529,2092,0,"[386385.0, 397737]",lightskyblue
530,0,0,"[386385.0, 397960]",lightcyan
531,1366,0,"[386385.0, 398183]",lightskyblue
532,0,0,"[386385.0, 398406]",lightcyan
533,0,0,"[386385.0, 398629]",lightcyan
534,0,0,"[386385.0, 398852]",lightcyan
535,0,0,"[386385.0, 399075]",lightcyan
536,0,0,"[386385.0, 399298]",lightcyan
537,0,0,"[386385.0, 399521]",lightcyan
538,0,0,"[386385.0, 399744]",lightcyan
539,0,0,"[386385.0, 399967]",lightcyan
540,0,1,"[386385.0, 400190]",lightcyan
541,0,0,"[386385.0, 400413]",lightcyan
542,0,0,"[386385.0, 400636]",lightcyan
543,0,0,"[386385.0, 400859]",lightcyan
544,0,0,"[386644, 393500]",lightcyan
545,0,0,"[386644.0, 393723]",lightcyan
546,0,0,"[386644.0, 393946]",lightcyan
547,0,0,"[386644.0, 394169]",lightcyan
548,0,0,"[386644.0, 394392]",lightcyan
549,0,0,"[386644.0, 394615]",lightcyan
550,0,0,"[386644.0, 394838]",lightcyan
551,806,0,"[386644.0, 395061]",lightskyblue
552,0,0,"[386644.0, 395284]",lightcyan
553,37815,0,"[386644.0, 395507]",deepskyblue
554,8683,0,"[386644.0, 395730]",lightskyblue
555,0,0,"[386644.0, 395953]",lightcyan
556,0,0,"[386644.0, 396176]",lightcyan
557,0,0,"[386644.0, 396399]",lightcyan
558,0,0,"[386644.0, 396622]",lightcyan
559,0,0,"[386644.0, 396845]",lightcyan
560,0,0,"[386644.0, 397068]",lightcyan
561,0,0,"[386644.0, 397291]",lightcyan
562,0,0,"[386644.0, 397514]",lightcyan
563,0,0,"[386644.0, 397737]",lightcyan
564,0,0,"[386644.0, 397960]",lightcyan
565,0,0,"[386644.0, 398183]",lightcyan
566,0,0,"[386644.0, 398406]",lightcyan
567,0,2,"[386644.0, 398629]",lightcyan
568,0,3,"[386644.0, 398852]",lightcyan
569,21332,0,"[386644.0, 399075]",deepskyblue
570,0,0,"[386644.0, 399298]",lightcyan
571,0,0,"[386644.0, 399521]",lightcyan
572,0,0,"[386644.0, 399744]",lightcyan
573,0,0,"[386644.0, 399967]",lightcyan
574,0,0,"[386644.0, 400190]",lightcyan
575,0,0,"[386644.0, 400413]",lightcyan
576,0,0,"[386644.0, 400636]",lightcyan
577,0,0,"[386644.0, 400859]",lightcyan
578,0,0,"[386903, 393500]",lightcyan
579,0,0,"[386903.0, 393723]",lightcyan
580,0,0,"[386903.0, 393946]",lightcyan
581,8666,0,"[386903.0, 394169]",lightskyblue
582,0,0,"[386903.0, 394392]",lightcyan
583,0,0,"[386903.0, 394615]",lightcyan
584,0,0,"[386903.0, 394838]",lightcyan
585,9905,0,"[386903.0, 395061]",lightskyblue
586,0,0,"[386903.0, 395284]",lightcyan
587,0,0,"[386903.0, 395507]",lightcyan
588,0,0,"[386903.0, 395730]",lightcyan
589,15659,0,"[386903.0, 395953]",deepskyblue
590,0,0,"[386903.0, 396176]",lightcyan
591,0,0,"[386903.0, 396399]",lightcyan
592,14376,0,"[386903.0, 396622]",lightskyblue
593,0,1,"[386903.0, 396845]",lightcyan
594,0,1,"[386903.0, 397068]",lightcyan
595,0,0,"[386903.0, 397291]",lightcyan
596,0,0,"[386903.0, 397514]",lightcyan
597,0,0,"[386903.0, 397737]",lightcyan
598,0,0,"[386903.0, 397960]",lightcyan
599,0,0,"[386903.0, 398183]",lightcyan
600,0,0,"[386903.0, 398406]",lightcyan
601,0,0,"[386903.0, 398629]",lightcyan
602,0,0,"[386903.0, 398852]",lightcyan
603,0,0,"[386903.0, 399075]",lightcyan
604,0,0,"[386903.0, 399298]",lightcyan
605,0,0,"[386903.0, 399521]",lightcyan
606,0,0,"[386903.0, 399744]",lightcyan
607,0,0,"[386903.0, 399967]",lightcyan
608,2502,0,"[386903.0, 400190]",lightskyblue
609,0,0,"[386903.0, 400413]",lightcyan
610,0,0,"[386903.0, 400636]",lightcyan
611,0,0,"[386903.0, 400859]",lightcyan
612,0,0,"[387162, 393500]",lightcyan
613,0,0,"[387162.0, 393723]",lightcyan
614,0,0,"[387162.0, 393946]",lightcyan
615,0,0,"[387162.0, 394169]",lightcyan
616,0,0,"[387162.0, 394392]",lightcyan
617,0,0,"[387162.0, 394615]",lightcyan
618,0,0,"[387162.0, 394838]",lightcyan
619,0,0,"[387162.0, 395061]",lightcyan
620,0,0,"[387162.0, 395284]",lightcyan
621,0,0,"[387162.0, 395507]",lightcyan
622,0,0,"[387162.0, 395730]",lightcyan
623,0,0,"[387162.0, 395953]",lightcyan
624,0,0,"[387162.0, 396176]",lightcyan
625,0,0,"[387162.0, 396399]",lightcyan
626,0,0,"[387162.0, 396622]",lightcyan
627,0,0,"[387162.0, 396845]",lightcyan
628,21902,0,"[387162.0, 397068]",deepskyblue
629,0,0,"[387162.0, 397291]",lightcyan
630,0,0,"[387162.0, 397514]",lightcyan
631,0,0,"[387162.0, 397737]",lightcyan
632,24091,0,"[387162.0, 397960]",deepskyblue
633,0,0,"[387162.0, 398183]",lightcyan
634,0,0,"[387162.0, 398406]",lightcyan
635,0,0,"[387162.0, 398629]",lightcyan
636,0,1,"[387162.0, 398852]",lightcyan
637,0,0,"[387162.0, 399075]",lightcyan
638,0,0,"[387162.0, 399298]",lightcyan
639,0,0,"[387162.0, 399521]",lightcyan
640,0,0,"[387162.0, 399744]",lightcyan
641,6068,0,"[387162.0, 399967]",lightskyblue
642,0,0,"[387162.0, 400190]",lightcyan
643,0,0,"[387162.0, 400413]",lightcyan
644,0,0,"[387162.0, 400636]",lightcyan
645,0,0,"[387162.0, 400859]",lightcyan
646,0,0,"[387421, 393500]",lightcyan
647,0,0,"[387421.0, 393723]",lightcyan
648,18975,0,"[387421.0, 393946]",deepskyblue
649,0,0,"[387421.0, 394169]",lightcyan
650,0,0,"[387421.0, 394392]",lightcyan
651,0,0,"[387421.0, 394615]",lightcyan
652,0,0,"[387421.0, 394838]",lightcyan
653,0,0,"[387421.0, 395061]",lightcyan
654,0,0,"[387421.0, 395284]",lightcyan
655,0,0,"[387421.0, 395507]",lightcyan
656,0,0,"[387421.0, 395730]",lightcyan
657,0,0,"[387421.0, 395953]",lightcyan
658,0,0,"[387421.0, 396176]",lightcyan
659,0,0,"[387421.0, 396399]",lightcyan
660,0,0,"[387421.0, 396622]",lightcyan
661,0,0,"[387421.0, 396845]",lightcyan
662,0,0,"[387421.0, 397068]",lightcyan
663,0,0,"[387421.0, 397291]",lightcyan
664,0,0,"[387421.0, 397514]",lightcyan
665,0,0,"[387421.0, 397737]",lightcyan
666,0,0,"[387421.0, 397960]",lightcyan
667,0,0,"[387421.0, 398183]",lightcyan
668,0,0,"[387421.0, 398406]",lightcyan
669,0,0,"[387421.0, 398629]",lightcyan
670,0,2,"[387421.0, 398852]",lightcyan
671,0,0,"[387421.0, 399075]",lightcyan
672,0,0,"[387421.0, 399298]",lightcyan
673,0,0,"[387421.0, 399521]",lightcyan
674,0,0,"[387421.0, 399744]",lightcyan
675,0,0,"[387421.0, 399967]",lightcyan
676,0,0,"[387421.0, 400190]",lightcyan
677,0,0,"[387421.0, 400413]",lightcyan
678,0,0,"[387421.0, 400636]",lightcyan
679,0,0,"[387421.0, 400859]",lightcyan
680,0,0,"[387680, 393500]",lightcyan
681,0,0,"[387680.0, 393723]",lightcyan
682,0,0,"[387680.0, 393946]",lightcyan
683,0,0,"[387680.0, 394169]",lightcyan
684,0,0,"[387680.0, 394392]",lightcyan
685,0,0,"[387680.0, 394615]",lightcyan
686,0,0,"[387680.0, 394838]",lightcyan
687,0,0,"[387680.0, 395061]",lightcyan
688,0,0,"[387680.0, 395284]",lightcyan
689,0,0,"[387680.0, 395507]",lightcyan
690,0,0,"[387680.0, 395730]",lightcyan
691,0,0,"[387680.0, 395953]",lightcyan
692,0,0,"[387680.0, 396176]",lightcyan
693,18827,0,"[387680.0, 396399]",deepskyblue
694,0,0,"[387680.0, 396622]",lightcyan
695,0,0,"[387680.0, 396845]",lightcyan
696,0,0,"[387680.0, 397068]",lightcyan
697,0,0,"[387680.0, 397291]",lightcyan
698,0,0,"[387680.0, 397514]",lightcyan
699,0,0,"[387680.0, 397737]",lightcyan
700,0,0,"[387680.0, 397960]",lightcyan
701,5842,0,"[387680.0, 398183]",lightskyblue
702,0,0,"[387680.0, 398406]",lightcyan
703,364,0,"[387680.0, 398629]",lightskyblue
704,0,0,"[387680.0, 398852]",lightcyan
705,0,0,"[387680.0, 399075]",lightcyan
706,0,0,"[387680.0, 399298]",lightcyan
707,0,0,"[387680.0, 399521]",lightcyan
708,0,0,"[387680.0, 399744]",lightcyan
709,0,0,"[387680.0, 399967]",lightcyan
710,0,0,"[387680.0, 400190]",lightcyan
711,0,0,"[387680.0, 400413]",lightcyan
712,0,0,"[387680.0, 400636]",lightcyan
713,0,0,"[387680.0, 400859]",lightcyan
714,0,0,"[387939, 393500]",lightcyan
715,0,0,"[387939.0, 393723]",lightcyan
716,0,0,"[387939.0, 393946]",lightcyan
717,0,0,"[387939.0, 394169]",lightcyan
718,0,0,"[387939.0, 394392]",lightcyan
719,0,0,"[387939.0, 394615]",lightcyan
720,0,0,"[387939.0, 394838]",lightcyan
721,0,0,"[387939.0, 395061]",lightcyan
722,0,0,"[387939.0, 395284]",lightcyan
723,0,0,"[387939.0, 395507]",lightcyan
724,0,0,"[387939.0, 395730]",lightcyan
725,0,0,"[387939.0, 395953]",lightcyan
726,0,0,"[387939.0, 396176]",lightcyan
727,0,0,"[387939.0, 396399]",lightcyan
728,0,0,"[387939.0, 396622]",lightcyan
729,0,0,"[387939.0, 396845]",lightcyan
730,0,0,"[387939.0, 397068]",lightcyan
731,0,0,"[387939.0, 397291]",lightcyan
732,0,0,"[387939.0, 397514]",lightcyan
733,0,0,"[387939.0, 397737]",lightcyan
734,0,0,"[387939.0, 397960]",lightcyan
735,0,0,"[387939.0, 398183]",lightcyan
736,8430,0,"[387939.0, 398406]",lightskyblue
737,0,0,"[387939.0, 398629]",lightcyan
738,0,0,"[387939.0, 398852]",lightcyan
739,0,0,"[387939.0, 399075]",lightcyan
740,0,0,"[387939.0, 399298]",lightcyan
741,0,0,"[387939.0, 399521]",lightcyan
742,0,0,"[387939.0, 399744]",lightcyan
743,0,0,"[387939.0, 399967]",lightcyan
744,0,0,"[387939.0, 400190]",lightcyan
745,0,0,"[387939.0, 400413]",lightcyan
746,0,0,"[387939.0, 400636]",lightcyan
747,0,0,"[387939.0, 400859]",lightcyan
748,0,0,"[388198, 393500]",lightcyan
749,0,0,"[388198.0, 393723]",lightcyan
750,0,0,"[388198.0, 393946]",lightcyan
751,0,0,"[388198.0, 394169]",lightcyan
752,0,0,"[388198.0, 394392]",lightcyan
753,0,0,"[388198.0, 394615]",lightcyan
754,0,0,"[388198.0, 394838]",lightcyan
755,0,0,"[388198.0, 395061]",lightcyan
756,0,0,"[388198.0, 395284]",lightcyan
757,971,0,"[388198.0, 395507]",lightskyblue
758,0,0,"[388198.0, 395730]",lightcyan
759,0,0,"[388198.0, 395953]",lightcyan
760,0,2,"[388198.0, 396176]",lightcyan
761,0,0,"[388198.0, 396399]",lightcyan
762,0,0,"[388198.0, 396622]",lightcyan
763,0,0,"[388198.0, 396845]",lightcyan
764,0,0,"[388198.0, 397068]",lightcyan
765,0,0,"[388198.0, 397291]",lightcyan
766,0,0,"[388198.0, 397514]",lightcyan
767,0,0,"[388198.0, 397737]",lightcyan
768,0,0,"[388198.0, 397960]",lightcyan
769,0,0,"[388198.0, 398183]",lightcyan
770,0,0,"[388198.0, 398406]",lightcyan
771,0,0,"[388198.0, 398629]",lightcyan
772,0,0,"[388198.0, 398852]",lightcyan
773,0,0,"[388198.0, 399075]",lightcyan
774,0,0,"[388198.0, 399298]",lightcyan
775,0,0,"[388198.0, 399521]",lightcyan
776,2033,0,"[388198.0, 399744]",lightskyblue
777,0,0,"[388198.0, 399967]",lightcyan
778,631,0,"[388198.0, 400190]",lightskyblue
779,0,0,"[388198.0, 400413]",lightcyan
780,6005,0,"[388198.0, 400636]",lightskyblue
781,0,0,"[388198.0, 400859]",lightcyan
782,0,0,"[388457, 393500]",lightcyan
783,0,0,"[388457.0, 393723]",lightcyan
784,0,0,"[388457.0, 393946]",lightcyan
785,0,0,"[388457.0, 394169]",lightcyan
786,0,0,"[388457.0, 394392]",lightcyan
787,0,0,"[388457.0, 394615]",lightcyan
788,0,0,"[388457.0, 394838]",lightcyan
789,0,0,"[388457.0, 395061]",lightcyan
790,0,0,"[388457.0, 395284]",lightcyan
791,0,0,"[388457.0, 395507]",lightcyan
792,0,0,"[388457.0, 395730]",lightcyan
793,0,0,"[388457.0, 395953]",lightcyan
794,0,0,"[388457.0, 396176]",lightcyan
795,0,0,"[388457.0, 396399]",lightcyan
796,0,0,"[388457.0, 396622]",lightcyan
797,0,0,"[388457.0, 396845]",lightcyan
798,0,0,"[388457.0, 397068]",lightcyan
799,0,0,"[388457.0, 397291]",lightcyan
800,0,0,"[388457.0, 397514]",lightcyan
801,0,0,"[388457.0, 397737]",lightcyan
802,0,0,"[388457.0, 397960]",lightcyan
803,0,0,"[388457.0, 398183]",lightcyan
804,0,0,"[388457.0, 398406]",lightcyan
805,0,0,"[388457.0, 398629]",lightcyan
806,0,0,"[388457.0, 398852]",lightcyan
807,0,0,"[388457.0, 399075]",lightcyan
808,0,0,"[388457.0, 399298]",lightcyan
809,0,0,"[388457.0, 399521]",lightcyan
810,0,0,"[388457.0, 399744]",lightcyan
811,0,0,"[388457.0, 399967]",lightcyan
812,0,0,"[388457.0, 400190]",lightcyan
813,0,0,"[388457.0, 400413]",lightcyan
814,0,0,"[388457.0, 400636]",lightcyan
815,0,0,"[388457.0, 400859]",lightcyan
816,0,0,"[388716, 393500]",lightcyan
817,0,0,"[388716.0, 393723]",lightcyan
818,0,0,"[388716.0, 393946]",lightcyan
819,0,0,"[388716.0, 394169]",lightcyan
820,0,0,"[388716.0, 394392]",lightcyan
821,0,0,"[388716.0, 394615]",lightcyan
822,0,0,"[388716.0, 394838]",lightcyan
823,0,0,"[388716.0, 395061]",lightcyan
824,0,0,"[388716.0, 395284]",lightcyan
825,0,0,"[388716.0, 395507]",lightcyan
826,0,0,"[388716.0, 395730]",lightcyan
827,0,0,"[388716.0, 395953]",lightcyan
828,6736,2,"[388716.0, 396176]",lightskyblue
829,0,0,"[388716.0, 396399]",lightcyan
830,0,0,"[388716.0, 396622]",lightcyan
831,0,0,"[388716.0, 396845]",lightcyan
832,0,0,"[388716.0, 397068]",lightcyan
833,0,0,"[388716.0, 397291]",lightcyan
834,0,0,"[388716.0, 397514]",lightcyan
835,0,0,"[388716.0, 397737]",lightcyan
836,0,0,"[388716.0, 397960]",lightcyan
837,0,0,"[388716.0, 398183]",lightcyan
838,0,0,"[388716.0, 398406]",lightcyan
839,0,0,"[388716.0, 398629]",lightcyan
840,0,0,"[388716.0, 398852]",lightcyan
841,0,0,"[388716.0, 399075]",lightcyan
842,0,0,"[388716.0, 399298]",lightcyan
843,0,0,"[388716.0, 399521]",lightcyan
844,0,0,"[388716.0, 399744]",lightcyan
845,0,0,"[388716.0, 399967]",lightcyan
846,0,0,"[388716.0, 400190]",lightcyan
847,0,0,"[388716.0, 400413]",lightcyan
848,0,0,"[388716.0, 400636]",lightcyan
849,0,0,"[388716.0, 400859]",lightcyan
850,0,0,"[388975, 393500]",lightcyan
851,0,0,"[388975.0, 393723]",lightcyan
852,0,0,"[388975.0, 393946]",lightcyan
853,0,0,"[388975.0, 394169]",lightcyan
854,0,0,"[388975.0, 394392]",lightcyan
855,0,0,"[388975.0, 394615]",lightcyan
856,0,0,"[388975.0, 394838]",lightcyan
857,0,0,"[388975.0, 395061]",lightcyan
858,0,0,"[388975.0, 395284]",lightcyan
859,0,0,"[388975.0, 395507]",lightcyan
860,0,0,"[388975.0, 395730]",lightcyan
861,0,0,"[388975.0, 395953]",lightcyan
862,0,0,"[388975.0, 396176]",lightcyan
863,0,0,"[388975.0, 396399]",lightcyan
864,0,0,"[388975.0, 396622]",lightcyan
865,0,0,"[388975.0, 396845]",lightcyan
866,0,0,"[388975.0, 397068]",lightcyan
867,0,0,"[388975.0, 397291]",lightcyan
868,0,2,"[388975.0, 397514]",lightcyan
869,0,0,"[388975.0, 397737]",lightcyan
870,0,0,"[388975.0, 397960]",lightcyan
871,0,0,"[388975.0, 398183]",lightcyan
872,0,0,"[388975.0, 398406]",lightcyan
873,0,0,"[388975.0, 398629]",lightcyan
874,0,0,"[388975.0, 398852]",lightcyan
875,0,0,"[388975.0, 399075]",lightcyan
876,0,0,"[388975.0, 399298]",lightcyan
877,0,0,"[388975.0, 399521]",lightcyan
878,0,0,"[388975.0, 399744]",lightcyan
879,4782,0,"[388975.0, 399967]",lightskyblue
880,0,0,"[388975.0, 400190]",lightcyan
881,0,0,"[388975.0, 400413]",lightcyan
882,0,0,"[388975.0, 400636]",lightcyan
883,0,0,"[388975.0, 400859]",lightcyan
884,0,0,"[389234, 393500]",lightcyan
885,0,0,"[389234.0, 393723]",lightcyan
886,0,0,"[389234.0, 393946]",lightcyan
887,0,0,"[389234.0, 394169]",lightcyan
888,0,0,"[389234.0, 394392]",lightcyan
889,0,0,"[389234.0, 394615]",lightcyan
890,0,0,"[389234.0, 394838]",lightcyan
891,0,0,"[389234.0, 395061]",lightcyan
892,0,0,"[389234.0, 395284]",lightcyan
893,0,0,"[389234.0, 395507]",lightcyan
894,0,0,"[389234.0, 395730]",lightcyan
895,0,0,"[389234.0, 395953]",lightcyan
896,0,0,"[389234.0, 396176]",lightcyan
897,0,0,"[389234.0, 396399]",lightcyan
898,0,0,"[389234.0, 396622]",lightcyan
899,0,0,"[389234.0, 396845]",lightcyan
900,0,0,"[389234.0, 397068]",lightcyan
901,0,0,"[389234.0, 397291]",lightcyan
902,0,0,"[389234.0, 397514]",lightcyan
903,0,0,"[389234.0, 397737]",lightcyan
904,0,0,"[389234.0, 397960]",lightcyan
905,0,0,"[389234.0, 398183]",lightcyan
906,0,0,"[389234.0, 398406]",lightcyan
907,0,0,"[389234.0, 398629]",lightcyan
908,0,0,"[389234.0, 398852]",lightcyan
909,0,0,"[389234.0, 399075]",lightcyan
910,0,0,"[389234.0, 399298]",lightcyan
911,0,0,"[389234.0, 399521]",lightcyan
912,0,0,"[389234.0, 399744]",lightcyan
913,0,0,"[389234.0, 399967]",lightcyan
914,0,0,"[389234.0, 400190]",lightcyan
915,0,0,"[389234.0, 400413]",lightcyan
916,0,0,"[389234.0, 400636]",lightcyan
917,0,0,"[389234.0, 400859]",lightcyan
918,0,0,"[389493, 393500]",lightcyan
919,0,0,"[389493.0, 393723]",lightcyan
920,0,0,"[389493.0, 393946]",lightcyan
921,0,0,"[389493.0, 394169]",lightcyan
922,0,0,"[389493.0, 394392]",lightcyan
923,0,0,"[389493.0, 394615]",lightcyan
924,0,0,"[389493.0, 394838]",lightcyan
925,0,0,"[389493.0, 395061]",lightcyan
926,0,0,"[389493.0, 395284]",lightcyan
927,0,0,"[389493.0, 395507]",lightcyan
928,0,0,"[389493.0, 395730]",lightcyan
929,0,0,"[389493.0, 395953]",lightcyan
930,0,0,"[389493.0, 396176]",lightcyan
931,0,0,"[389493.0, 396399]",lightcyan
932,0,0,"[389493.0, 396622]",lightcyan
933,0,0,"[389493.0, 396845]",lightcyan
934,0,0,"[389493.0, 397068]",lightcyan
935,0,0,"[389493.0, 397291]",lightcyan
936,0,0,"[389493.0, 397514]",lightcyan
937,0,0,"[389493.0, 397737]",lightcyan
938,0,0,"[389493.0, 397960]",lightcyan
939,0,0,"[389493.0, 398183]",lightcyan
940,0,0,"[389493.0, 398406]",lightcyan
941,0,0,"[389493.0, 398629]",lightcyan
942,0,0,"[389493.0, 398852]",lightcyan
943,0,0,"[389493.0, 399075]",lightcyan
944,0,0,"[389493.0, 399298]",lightcyan
945,0,0,"[389493.0, 399521]",lightcyan
946,0,0,"[389493.0, 399744]",lightcyan
947,0,0,"[389493.0, 399967]",lightcyan
948,0,0,"[389493.0, 400190]",lightcyan
949,0,0,"[389493.0, 400413]",lightcyan
950,0,0,"[389493.0, 400636]",lightcyan
951,0,0,"[389493.0, 400859]",lightcyan
